model,transmission,body_type,drive_type,color,production_year,auto_key,engine_capacity,horsepower,engine_type,price,milage
Honda Shuttle II,робот,универсал 5 дв.,передний,синий,2015,1089869934,1.5,110,Гибрид,1060000,86000
Honda Civic VI,механика,хэтчбек 5 дв.,передний,серый,1998,1097816916,1.5,115,Бензин,85000,400000
Honda HR-V I Рестайлинг,вариатор,внедорожник 5 дв.,передний,красный,2002,1098342010,1.6,105,Бензин,275000,175000
Honda HR-V I Рестайлинг,вариатор,внедорожник 5 дв.,передний,красный,2003,1091493928,1.6,105,Бензин,330000,218000
Honda Civic VIII,механика,седан,передний,чёрный,2007,1097693116,1.8,140,Бензин,420000,253000
Honda Accord VII Рестайлинг,автомат,седан,передний,синий,2005,1100242080,2.4,190,Бензин,450000,215000
Honda Civic VIII Рестайлинг,автомат,седан,передний,чёрный,2010,1098009412,1.8,140,Бензин,570000,204000
Honda Civic VI,механика,седан,передний,белый,1997,1093915832,1.5,115,Бензин,190000,203500
Honda CR-V I,автомат,внедорожник 5 дв.,полный,синий,1998,1096506606,2.0,128,Бензин,265000,285000
Honda Concerto,механика,хэтчбек 5 дв.,передний,синий,1991,1097340262,1.5,90,Бензин,75000,195000
Honda Stream I,автомат,компактвэн,полный,чёрный,2001,1099863308,2.0,158,Бензин,360000,230000
Honda Accord VIII Рестайлинг,автомат,седан,передний,чёрный,2011,1098986692,2.0,156,Бензин,830000,170000
Honda CR-V III,автомат,внедорожник 5 дв.,полный,серебристый,2008,1100155356,2.4,166,Бензин,890000,113000
Honda Civic  VIII Hybrid,вариатор,седан,передний,чёрный,2008,1084108815,1.3,95,Гибрид,420000,170790
Honda Accord IX,автомат,седан,передний,белый,2013,1086433372,2.4,180,Бензин,1250000,163000
Honda Civic VIII,робот,хэтчбек 5 дв.,передний,синий,2007,1091147940,1.8,140,Бензин,340000,166000
Honda Civic Ferio III,автомат,седан,полный,белый,2001,1099621522,1.5,115,Бензин,249000,160800
Honda Accord IV,механика,седан,передний,серебристый,1991,1082557638,2.0,110,Бензин,70000,470500
Honda Civic VIII,механика,седан,передний,чёрный,2008,1092076964,1.8,140,Бензин,415000,286000
Honda Accord VIII,автомат,седан,передний,чёрный,2008,1100077872,2.4,201,Бензин,650000,240000
Honda Accord VIII,автомат,седан,передний,чёрный,2008,1091703988,2.4,201,Бензин,600000,225000
Honda Prelude IV,автомат,купе,передний,красный,1993,1099352240,2.2,160,Бензин,260000,120100
Honda Civic VIII,механика,седан,передний,чёрный,2008,1100214686,1.8,140,Бензин,390000,250000
Honda Accord VIII,автомат,седан,передний,синий,2008,1099058718,2.4,201,Бензин,650000,195000
Honda Civic VIII,робот,хэтчбек 5 дв.,передний,чёрный,2008,1093503356,1.8,140,Бензин,362000,190000
Honda Civic VIII,автомат,седан,передний,чёрный,2007,1099863620,1.8,140,Бензин,460000,253000
Honda Civic VIII,робот,хэтчбек 5 дв.,передний,красный,2008,1097715158,1.8,140,Бензин,350000,248000
Honda CR-V II Рестайлинг,автомат,внедорожник 5 дв.,полный,серебристый,2004,1094417356,2.4,162,Бензин,520000,176000
Honda Accord VIII Рестайлинг,автомат,седан,передний,белый,2012,1098516640,2.0,156,Бензин,820000,157000
Honda Shuttle I,автомат,компактвэн,передний,зелёный,1997,1093788934,2.2,150,Бензин,220000,160000
Honda HR-V I Рестайлинг,вариатор,внедорожник 5 дв.,полный,красный,2004,1083442474,1.6,105,Бензин,330000,184000
Honda CR-V II,механика,внедорожник 5 дв.,полный,серебристый,2002,1100093258,2.0,150,Бензин,400000,280000
Honda CR-V II,механика,внедорожник 5 дв.,полный,коричневый,2001,1097751546,2.4,162,Бензин,430000,188000
Honda Civic VI,автомат,седан,передний,чёрный,1996,1097864750,1.4,90,Бензин,110000,284546
Honda HR-V I,вариатор,внедорожник 5 дв.,передний,белый,2000,1098444854,1.6,105,Бензин,250000,220000
Honda Civic,120 000 ₽,1989,400 000 км,1097454742,"","","","","","",""
Honda Civic VIII,автомат,седан,передний,золотистый,2007,1095828404,1.8,140,Бензин,400000,226600
Honda CR-V III,автомат,внедорожник 5 дв.,полный,серый,2008,1098466662,2.0,150,Бензин,785000,230000
Honda Accord IX,автомат,седан,передний,белый,2013,1086433372,2.4,180,Бензин,1250000,163000
Honda Freed I,автомат,компактвэн,полный,белый,2008,1099914950,1.5,118,Бензин,599000,170000
Honda Civic VI,механика,седан,передний,серый,1997,1098213854,1.5,115,Бензин,110000,291500
Honda Accord VII Рестайлинг,автомат,седан,передний,коричневый,2008,1099295656,2.4,190,Бензин,530000,334000
Honda CR-V III,автомат,внедорожник 5 дв.,передний,серебристый,2008,1100280204,2.0,150,Бензин,720000,300000
Honda Accord VIII,автомат,седан,передний,чёрный,2008,1100077872,2.4,201,Бензин,650000,240000
Honda HR-V I Рестайлинг,вариатор,внедорожник 5 дв.,полный,серебристый,2004,1091975798,1.6,105,Бензин,400000,220000
Honda Saber II,автомат,седан,передний,чёрный,1998,1099893374,3.2,225,Бензин,300000,349100
Honda Accord VIII,автомат,седан,передний,серый,2008,1099968372,2.4,201,Бензин,635000,195000
Honda Accord III,механика,седан,передний,красный,1988,1095129758,2.0,116,Бензин,50000,298000
Honda HR-V I,вариатор,внедорожник 5 дв.,передний,белый,2000,1098444854,1.6,105,Бензин,250000,220000
Honda Civic VIII,автомат,седан,передний,синий,2008,1094325938,1.8,140,Бензин,490000,160000
Honda Saber I,автомат,седан,передний,синий,1997,1079726774,2.5,190,Бензин,190000,54000
Honda Civic VI,механика,седан,передний,серебристый,2000,1095264918,1.6,125,Бензин,210000,340000
Honda CR-V I,автомат,внедорожник 5 дв.,полный,синий,1997,1091911574,2.0,128,Бензин,220000,223000
Honda Civic Ferio II,вариатор,седан,передний,синий,1998,1097285640,1.5,105,Бензин,60000,180000
Honda Accord V,автомат,седан,передний,синий,1997,1099468032,2.2,150,Бензин,155000,220632
Honda Civic Ferio III,вариатор,седан,передний,золотистый,2002,1096409636,1.5,105,Бензин,235000,326790
Honda Civic  VIII Hybrid,вариатор,седан,передний,чёрный,2008,1095165130,1.3,95,Гибрид,320000,191926
Honda Civic VIII,механика,седан,передний,серебристый,2007,1090478630,1.8,140,Бензин,350000,203500
Honda Civic VIII,автомат,седан,передний,серебристый,2007,1086883440,1.8,140,Бензин,405000,160000
Honda Accord IV,автомат,седан,передний,серебристый,1991,1097907998,2.0,133,Бензин,90000,270000
Honda Civic  VIII Type S,робот,хэтчбек 3 дв.,передний,чёрный,2008,1098946022,1.8,140,Бензин,450000,145000
Honda CR-V I,автомат,внедорожник 5 дв.,передний,зелёный,1998,1096709638,2.0,128,Бензин,250000,237030
Honda HR-V I,вариатор,внедорожник 3 дв.,полный,синий,1998,1099893014,1.6,124,Бензин,170000,407000
Honda Accord VII,автомат,седан,передний,чёрный,2004,1096691822,2.4,190,Бензин,430000,250000
Honda Accord Type-S VII Рестайлинг Type S,автомат,седан,передний,чёрный,2007,1094710746,2.4,190,Бензин,565000,250000
Honda Civic VIII,робот,хэтчбек 5 дв.,передний,чёрный,2007,1097908488,1.8,140,Бензин,450000,180000
Honda Mobilio I Рестайлинг,вариатор,компактвэн,передний,голубой,2006,1089253558,1.5,110,Бензин,320000,200000
Honda CR-V I,механика,внедорожник 5 дв.,полный,серебристый,1998,1097105942,2.0,145,Бензин,285000,162911
Honda Orthia I,автомат,универсал 5 дв.,полный,синий,1996,1095330264,2.0,145,Бензин,220000,100000
Honda Civic IX,вариатор,седан,передний,серый,2011,1098656698,1.5,90,Гибрид,780000,130000
Honda CR-V II,автомат,внедорожник 5 дв.,полный,зелёный,2002,1094878598,2.4,162,Бензин,435000,200000
Honda Accord VIII,автомат,седан,передний,чёрный,2008,1097963694,2.4,201,Бензин,650000,153000
Honda CR-V III,автомат,внедорожник 5 дв.,полный,красный,2008,1096389134,2.0,150,Бензин,780000,180000
Honda Accord  VII Рестайлинг Sport,автомат,седан,передний,красный,2007,1088042074,2.0,155,Бензин,490000,200000
Honda CR-V II,автомат,внедорожник 5 дв.,полный,зелёный,2002,1094878598,2.4,162,Бензин,435000,200000
Honda Accord VII Рестайлинг,автомат,седан,передний,красный,2006,1078697203,2.4,190,Бензин,430000,237321
Honda CR-V III,автомат,внедорожник 5 дв.,полный,красный,2008,1096389134,2.0,150,Бензин,780000,180000
Honda CR-V I,механика,внедорожник 5 дв.,полный,зелёный,1997,1097617372,2.0,128,Бензин,245000,366150
Honda Civic VI,механика,хэтчбек 5 дв.,передний,зелёный,1998,1099559046,1.5,115,Бензин,200000,254000
Honda Domani II,автомат,седан,передний,фиолетовый,1997,1099893310,1.6,120,Бензин,230000,275000
Honda Accord  VII Рестайлинг Sport,автомат,седан,передний,красный,2007,1088042074,2.0,155,Бензин,490000,200000
Honda Accord VIII,автомат,седан,передний,серый,2008,1094633514,2.4,201,Бензин,600000,240000
Honda Accord VIII,автомат,седан,передний,чёрный,2008,1099684654,2.0,156,Бензин,750000,122000
Honda Civic V,механика,седан,передний,синий,1993,1097385372,1.6,125,Бензин,129000,310000
Honda HR-V I,вариатор,внедорожник 3 дв.,полный,серебристый,1998,1089160664,1.6,105,Бензин,260000,198000
Honda Civic VII,автомат,седан,передний,серебристый,2002,1097493526,1.7,115,Бензин,250000,391000
Honda Accord VIII,автомат,седан,передний,серебристый,2008,1093050410,2.4,201,Бензин,720000,185000
Honda CR-V II,автомат,внедорожник 5 дв.,полный,серебристый,2003,1094944152,2.0,150,Бензин,500000,370000
Honda Civic VIII,автомат,седан,передний,чёрный,2008,1095466368,1.8,140,Бензин,470000,183000
Honda Civic VIII,робот,хэтчбек 5 дв.,передний,красный,2007,1097476280,1.8,140,Бензин,340000,260000
Honda HR-V I,вариатор,внедорожник 3 дв.,полный,синий,1998,1095891376,1.6,124,Бензин,210000,299000
Honda CR-V II,автомат,внедорожник 5 дв.,полный,красный,2003,1099639180,2.4,162,Бензин,480000,153616
Honda Stream I,автомат,компактвэн,передний,белый,2003,1100301600,1.7,130,Бензин,320000,180000
Honda HR-V I,вариатор,внедорожник 3 дв.,передний,белый,1998,1088545948,1.6,105,Бензин,250000,320000
Honda Vigor III,автомат,седан,передний,пурпурный,1994,1099317956,2.5,190,Бензин,75000,304000
Honda CR-V I Рестайлинг,автомат,внедорожник 5 дв.,полный,серебристый,1999,1100259810,2.0,147,Бензин,305000,220000
Honda CR-V I,автомат,внедорожник 5 дв.,полный,серый,1995,1097031792,2.0,128,Бензин,330000,300000
Honda Stream I,автомат,компактвэн,передний,серый,2002,1099256296,1.7,130,Бензин,320000,250000
Honda Civic VIII,автомат,седан,передний,серебристый,2006,1098345708,1.8,140,Бензин,380000,199000
Honda Concerto,механика,хэтчбек 5 дв.,передний,серебристый,1992,1093119894,1.6,112,Бензин,80000,126000
Honda Accord  VII Sport,автомат,седан,передний,красный,2004,1095605282,2.0,155,Бензин,390000,225000
Honda CR-V I,механика,внедорожник 5 дв.,полный,синий,1998,1099777382,2.0,128,Бензин,250000,380000
Honda Shuttle I,автомат,компактвэн,передний,синий,1998,1098260976,2.3,150,Бензин,200000,287000
Honda Civic VIII,механика,седан,передний,серебристый,2008,1096867482,1.8,140,Бензин,410000,168000
Honda Civic VIII,автомат,седан,передний,голубой,2008,1099419794,1.8,140,Бензин,430000,276800
Honda Accord V,механика,седан,передний,синий,1995,1096131208,2.0,115,Бензин,110000,243000
Honda CR-V III,автомат,внедорожник 5 дв.,полный,коричневый,2008,1100195486,2.4,166,Бензин,850000,214000
Honda Civic VI,автомат,хэтчбек 5 дв.,передний,синий,1998,1093575214,1.4,90,Бензин,260000,340000
Honda Civic VIII,автомат,седан,передний,серебристый,2006,1099918846,1.8,140,Бензин,355000,192000
Honda Accord VII Рестайлинг,автомат,седан,передний,красный,2006,1098491078,2.4,190,Бензин,410000,203000
Honda HR-V I,вариатор,внедорожник 5 дв.,полный,серебристый,2000,1094327286,1.6,105,Бензин,300000,251400
Honda Accord VIII,автомат,седан,передний,красный,2008,1099533822,2.0,156,Бензин,590000,219000
Honda Accord VII Рестайлинг,автомат,седан,передний,красный,2006,1098491078,2.4,190,Бензин,410000,203000
Honda Accord IV,механика,универсал 5 дв.,передний,синий,1992,1100087194,2.2,150,Бензин,110000,394000
Honda Accord  VII Рестайлинг Sport,автомат,седан,передний,красный,2007,1094288624,2.0,155,Бензин,450000,200000
Honda Domani II,автомат,седан,передний,фиолетовый,1997,1099893310,1.6,120,Бензин,230000,275000
Honda CR-V I,автомат,внедорожник 5 дв.,полный,серый,1997,1098048788,2.0,145,Бензин,450000,400000
Honda Logo,вариатор,хэтчбек 3 дв.,передний,серебристый,1999,1096225006,1.3,91,Бензин,145000,270000
Honda Civic VIII,механика,седан,передний,золотистый,2008,1094978118,1.8,140,Бензин,395000,260000
Honda Civic VIII,автомат,седан,передний,серебристый,2007,1097126288,1.8,140,Бензин,530000,205000
Honda Shuttle I,автомат,компактвэн,передний,синий,1996,1094330204,2.2,150,Бензин,210000,420000
Honda Accord VII Рестайлинг,автомат,седан,передний,коричневый,2007,1098067632,2.0,155,Бензин,470000,305000
Honda HR-V I,механика,внедорожник 3 дв.,передний,серебристый,1999,1092459348,1.6,105,Бензин,279000,225000
Honda Concerto,автомат,хэтчбек 5 дв.,передний,белый,1988,1097042566,1.5,90,Бензин,65000,270000
Honda Odyssey I,автомат,компактвэн,передний,белый,1999,1092511636,2.3,150,Бензин,299000,320000
Honda Accord VIII,автомат,седан,передний,синий,2008,1079092182,2.4,201,Бензин,700000,225000
Honda Accord  VII Рестайлинг Sport,автомат,седан,передний,серый,2007,1099573970,2.0,155,Бензин,495000,233000
Honda Civic VIII,автомат,седан,передний,чёрный,2008,1093671886,1.8,140,Бензин,440000,237000
Honda Accord  VII Sport,автомат,седан,передний,серебристый,2005,1098861182,2.0,155,Бензин,435000,237000
Honda CR-V II,механика,внедорожник 5 дв.,полный,серебристый,2002,1097718688,2.0,150,Бензин,420000,280000
Honda Shuttle I,автомат,компактвэн,передний,серебристый,1998,1096790612,2.2,150,Бензин,160000,200000
Honda Shuttle I,автомат,компактвэн,передний,серый,1997,1098354284,2.2,150,Бензин,250000,267000
Honda Accord V,механика,седан,передний,чёрный,1994,1094253156,2.0,115,Бензин,160000,416000
Honda Avancier I,автомат,универсал 5 дв.,полный,чёрный,1999,1090367370,2.3,150,Бензин,355000,300000
Honda Civic VIII,робот,хэтчбек 5 дв.,передний,серый,2007,1097435812,1.8,140,Бензин,450000,252000
